{"_type":"export","__export_format":4,"__export_date":"2021-10-11T19:53:06.214Z","__export_source":"insomnia.desktop.app:v2021.5.0","resources":[{"_id":"req_e423717e09a14029ab1f79ab3876d196","parentId":"fld_aef957d893ee41cd8faea8c3376dc961","modified":1633899995601,"created":1633719168951,"url":"http://localhost:3000/api/product/61622efb072423bcb0680f60","name":"Update","description":"","method":"PUT","body":{"mimeType":"application/json","text":"{\n\t\"nameProduct\": \"vestido verde\",\n\t\"priceProduct\": 70.20\n}"},"parameters":[],"headers":[{"name":"Content-Type","value":"application/json","id":"pair_c58e9cfc66ce49d5b0abd3449e6f4743"}],"authentication":{},"metaSortKey":-1633719168951,"isPrivate":false,"settingStoreCookies":true,"settingSendCookies":true,"settingDisableRenderRequestBody":false,"settingEncodeUrl":true,"settingRebuildPath":true,"settingFollowRedirects":"global","_type":"request"},{"_id":"fld_aef957d893ee41cd8faea8c3376dc961","parentId":"wrk_549ee34b88564e19a3b26836c55e0944","modified":1633658838654,"created":1633658838654,"name":"product","description":"","environment":{},"environmentPropertyOrder":null,"metaSortKey":-1633658838654,"_type":"request_group"},{"_id":"wrk_549ee34b88564e19a3b26836c55e0944","parentId":null,"modified":1633445968685,"created":1633445968685,"name":"Challenge-Penseapp","description":"","scope":"collection","_type":"workspace"},{"_id":"req_3e869753593c4ea5a28f6483543f2404","parentId":"fld_aef957d893ee41cd8faea8c3376dc961","modified":1633718923308,"created":1633718896316,"url":"http://localhost:3000/api/product/615fa8384f1a2163c730f0b1","name":"Delete","description":"","method":"DELETE","body":{},"parameters":[],"headers":[],"authentication":{},"metaSortKey":-1633718896316,"isPrivate":false,"settingStoreCookies":true,"settingSendCookies":true,"settingDisableRenderRequestBody":false,"settingEncodeUrl":true,"settingRebuildPath":true,"settingFollowRedirects":"global","_type":"request"},{"_id":"req_b524251afe0b4a7db23a59f131bd452a","parentId":"fld_aef957d893ee41cd8faea8c3376dc961","modified":1633718900891,"created":1633718653633,"url":"http://localhost:3000/api/product/615fa8c7fcf1c08da3dd93a1","name":"Show","description":"","method":"GET","body":{},"parameters":[],"headers":[],"authentication":{},"metaSortKey":-1633718653633,"isPrivate":false,"settingStoreCookies":true,"settingSendCookies":true,"settingDisableRenderRequestBody":false,"settingEncodeUrl":true,"settingRebuildPath":true,"settingFollowRedirects":"global","_type":"request"},{"_id":"req_7094fe8c1166402aad24520d541d401f","parentId":"fld_aef957d893ee41cd8faea8c3376dc961","modified":1633718658990,"created":1633659128740,"url":"http://localhost:3000/api/product/","name":"List","description":"","method":"GET","body":{},"parameters":[],"headers":[],"authentication":{},"metaSortKey":-1633659128740,"isPrivate":false,"settingStoreCookies":true,"settingSendCookies":true,"settingDisableRenderRequestBody":false,"settingEncodeUrl":true,"settingRebuildPath":true,"settingFollowRedirects":"global","_type":"request"},{"_id":"req_98e93aa2f8f3445aad31a2314ad4d7e3","parentId":"fld_aef957d893ee41cd8faea8c3376dc961","modified":1633718906864,"created":1633658846507,"url":"http://localhost:3000/api/product/","name":"Create","description":"","method":"POST","body":{"mimeType":"application/json","text":"{\n\t\"nameProduct\": \"calça 3\",\n\t\"priceProduct\": 10\n}"},"parameters":[],"headers":[{"name":"Content-Type","value":"application/json","id":"pair_2b3976f944da47d49bb7e0d989d291d4"}],"authentication":{},"metaSortKey":-1633658846507,"isPrivate":false,"settingStoreCookies":true,"settingSendCookies":true,"settingDisableRenderRequestBody":false,"settingEncodeUrl":true,"settingRebuildPath":true,"settingFollowRedirects":"global","_type":"request"},{"_id":"req_863bcda7847c4597b049f32888979d0b","parentId":"fld_24c267d973bb48a391709bb97c081b1d","modified":1633720541337,"created":1633720267457,"url":"http://localhost:3000/api/user/615e88eba1c38398dadc4c94","name":"Update","description":"","method":"PUT","body":{"mimeType":"application/json","text":"{\n\t\"email\":\"lola2@hotmail.com\",\n\t\"password\": \"123\"\n}"},"parameters":[],"headers":[{"name":"Content-Type","value":"application/json","id":"pair_9abc26fb60504b308bc8b401b2ec787c"}],"authentication":{},"metaSortKey":-1633720267457,"isPrivate":false,"settingStoreCookies":true,"settingSendCookies":true,"settingDisableRenderRequestBody":false,"settingEncodeUrl":true,"settingRebuildPath":true,"settingFollowRedirects":"global","_type":"request"},{"_id":"fld_24c267d973bb48a391709bb97c081b1d","parentId":"wrk_549ee34b88564e19a3b26836c55e0944","modified":1633658604274,"created":1633658604275,"name":"users","description":"","environment":{},"environmentPropertyOrder":null,"metaSortKey":-1633658604275,"_type":"request_group"},{"_id":"req_9541790f746f4fbab2f5c205e82ab39e","parentId":"fld_24c267d973bb48a391709bb97c081b1d","modified":1633720076793,"created":1633720053904,"url":"http://localhost:3000/api/user/615e88eba1c38398dadc4c94","name":"Show","description":"","method":"GET","body":{},"parameters":[],"headers":[],"authentication":{},"metaSortKey":-1633720054028,"isPrivate":false,"settingStoreCookies":true,"settingSendCookies":true,"settingDisableRenderRequestBody":false,"settingEncodeUrl":true,"settingRebuildPath":true,"settingFollowRedirects":"global","_type":"request"},{"_id":"req_66347b376a0c4676bacf6b444e4960c9","parentId":"fld_24c267d973bb48a391709bb97c081b1d","modified":1633658805840,"created":1633658798803,"url":"http://localhost:3000/api/user/","name":"List","description":"","method":"GET","body":{},"parameters":[],"headers":[],"authentication":{},"metaSortKey":-1633658798803,"isPrivate":false,"settingStoreCookies":true,"settingSendCookies":true,"settingDisableRenderRequestBody":false,"settingEncodeUrl":true,"settingRebuildPath":true,"settingFollowRedirects":"global","_type":"request"},{"_id":"req_353bbfd5c48f489f989b331e3cbfb4da","parentId":"fld_24c267d973bb48a391709bb97c081b1d","modified":1633719939490,"created":1633658771228,"url":"http://localhost:3000/api/user/615f6308128673b6be1e9d60","name":"Delete","description":"","method":"DELETE","body":{},"parameters":[],"headers":[],"authentication":{},"metaSortKey":-1633658771228,"isPrivate":false,"settingStoreCookies":true,"settingSendCookies":true,"settingDisableRenderRequestBody":false,"settingEncodeUrl":true,"settingRebuildPath":true,"settingFollowRedirects":"global","_type":"request"},{"_id":"req_60ad6933b89143f9bc6703ecf87b8e52","parentId":"fld_24c267d973bb48a391709bb97c081b1d","modified":1633720058734,"created":1633658637309,"url":"http://localhost:3000/api/user/","name":"Create","description":"","method":"POST","body":{"mimeType":"application/json","text":"{\n\t\"email\":\"pitu@hotmail.com\",\n\t\"password\": \"q123\"\n}"},"parameters":[],"headers":[{"name":"Content-Type","value":"application/json","id":"pair_915c5727fd1546d0bd2baa2d1d16ca00"}],"authentication":{},"metaSortKey":-1633658637309,"isPrivate":false,"settingStoreCookies":true,"settingSendCookies":true,"settingDisableRenderRequestBody":false,"settingEncodeUrl":true,"settingRebuildPath":true,"settingFollowRedirects":"global","_type":"request"},{"_id":"env_5c1c92b745dd29939b862e8eeac9403809b40df7","parentId":"wrk_549ee34b88564e19a3b26836c55e0944","modified":1633445968699,"created":1633445968699,"name":"Base Environment","data":{},"dataPropertyOrder":null,"color":null,"isPrivate":false,"metaSortKey":1633445968699,"_type":"environment"},{"_id":"jar_5c1c92b745dd29939b862e8eeac9403809b40df7","parentId":"wrk_549ee34b88564e19a3b26836c55e0944","modified":1633445968702,"created":1633445968702,"name":"Default Jar","cookies":[],"_type":"cookie_jar"},{"_id":"spc_7e7c68f0f702436fbd420670bfea80a8","parentId":"wrk_549ee34b88564e19a3b26836c55e0944","modified":1633445968690,"created":1633445968690,"fileName":"Challenge-Penseapp","contents":"","contentType":"yaml","_type":"api_spec"}]}